{
  "averageInteractionsPerCrossing": {
    "avg_rank": 51.666666666666664,
    "gain": 1361.683533191681,
    "split": 131.0,
    "shap": 0.0013249732429791408
  },
  "p_Rhad1": {
    "avg_rank": 66.33333333333333,
    "gain": 682.6366336941719,
    "split": 84.0,
    "shap": 0.0028442039406295907
  },
  "p_Rhad": {
    "avg_rank": 47.666666666666664,
    "gain": 981.4096485972404,
    "split": 106.0,
    "shap": 0.0040289659342645405
  },
  "p_f3": {
    "avg_rank": 54.0,
    "gain": 922.5785105228424,
    "split": 100.0,
    "shap": 0.0026922361839793137
  },
  "p_weta2": {
    "avg_rank": 65.33333333333333,
    "gain": 991.4120028018951,
    "split": 112.0,
    "shap": 0.0006245577235456558
  },
  "p_Rphi": {
    "avg_rank": 49.666666666666664,
    "gain": 1325.9543699622154,
    "split": 135.0,
    "shap": 0.001798449105003533
  },
  "p_Reta": {
    "avg_rank": 40.666666666666664,
    "gain": 1934.1859088540077,
    "split": 140.0,
    "shap": 0.0025084691615944433
  },
  "p_Eratio": {
    "avg_rank": 47.333333333333336,
    "gain": 1690.7666741609573,
    "split": 106.0,
    "shap": 0.0024462322295139703
  },
  "p_f1": {
    "avg_rank": 63.333333333333336,
    "gain": 1073.4676607847214,
    "split": 83.0,
    "shap": 0.0018557141020000298
  },
  "p_TRTPID": {
    "avg_rank": 52.333333333333336,
    "gain": 1056.0566855072975,
    "split": 145.0,
    "shap": 0.0011398860812668779
  },
  "p_numberOfInnermostPixelHits": {
    "avg_rank": 117.0,
    "gain": 260.6824105978012,
    "split": 27.0,
    "shap": 0.0005131423839325691
  },
  "p_numberOfPixelHits": {
    "avg_rank": 99.0,
    "gain": 604.228622674942,
    "split": 55.0,
    "shap": 0.0005908792073471264
  },
  "p_numberOfSCTHits": {
    "avg_rank": 19.333333333333332,
    "gain": 5540.088467121124,
    "split": 189.0,
    "shap": 0.00993225430429206
  },
  "p_numberOfTRTHits": {
    "avg_rank": 24.333333333333332,
    "gain": 5597.498385310173,
    "split": 108.0,
    "shap": 0.0140522663715517
  },
  "p_TRTTrackOccupancy": {
    "avg_rank": 38.0,
    "gain": 2161.6381274461746,
    "split": 100.0,
    "shap": 0.006868584217818327
  },
  "p_numberOfTRTXenonHits": {
    "avg_rank": 8.333333333333334,
    "gain": 29888.811610519886,
    "split": 193.0,
    "shap": 0.04331207277754698
  },
  "p_z0": {
    "avg_rank": 34.0,
    "gain": 2376.514863848686,
    "split": 184.0,
    "shap": 0.002650032421335816
  },
  "p_d0": {
    "avg_rank": 16.0,
    "gain": 6107.364865005016,
    "split": 531.0,
    "shap": 0.00796293090191785
  },
  "p_sigmad0": {
    "avg_rank": 9.666666666666666,
    "gain": 8469.09373062849,
    "split": 485.0,
    "shap": 0.021103157385346023
  },
  "p_dPOverP": {
    "avg_rank": 19.0,
    "gain": 3633.472519338131,
    "split": 256.0,
    "shap": 0.010171557795010262
  },
  "p_deltaEta1": {
    "avg_rank": 31.666666666666668,
    "gain": 1029.3860006928444,
    "split": 159.0,
    "shap": 0.010761655307401261
  },
  "p_deltaPhiRescaled2": {
    "avg_rank": 27.0,
    "gain": 1782.6904289126396,
    "split": 204.0,
    "shap": 0.008968862519074451
  },
  "p_etcone20": {
    "avg_rank": 38.666666666666664,
    "gain": 2921.6239808797836,
    "split": 98.0,
    "shap": 0.0048819579114682665
  },
  "p_etcone30": {
    "avg_rank": 47.333333333333336,
    "gain": 2222.0354602336884,
    "split": 87.0,
    "shap": 0.0036764107297899157
  },
  "p_etcone40": {
    "avg_rank": 65.66666666666667,
    "gain": 838.0113763809204,
    "split": 85.0,
    "shap": 0.0022422277826957796
  },
  "p_ptcone20": {
    "avg_rank": 69.33333333333333,
    "gain": 717.9661773443222,
    "split": 83.0,
    "shap": 0.0025010539523089067
  },
  "p_ptcone30": {
    "avg_rank": 64.66666666666667,
    "gain": 1025.578966498375,
    "split": 79.0,
    "shap": 0.0022271365572234304
  },
  "p_ptcone40": {
    "avg_rank": 20.333333333333332,
    "gain": 4941.52464222908,
    "split": 156.0,
    "shap": 0.011371075595267096
  },
  "p_ptPU30": {
    "avg_rank": 9.333333333333334,
    "gain": 8502.197646975517,
    "split": 331.0,
    "shap": 0.02260397269935155
  },
  "p_vertex": {
    "avg_rank": 34.666666666666664,
    "gain": 4188.846427559853,
    "split": 85.0,
    "shap": 0.015125496117489017
  },
  "pX_E7x7_Lr2": {
    "avg_rank": 115.33333333333333,
    "gain": 221.5416089296341,
    "split": 44.0,
    "shap": 0.0004452019926039349
  },
  "pX_E7x7_Lr3": {
    "avg_rank": 113.0,
    "gain": 368.0044074654579,
    "split": 51.0,
    "shap": 0.0003780470266509851
  },
  "pX_E_Lr0_HiG": {
    "avg_rank": 70.66666666666667,
    "gain": 817.041377902031,
    "split": 60.0,
    "shap": 0.00303974209727043
  },
  "pX_E_Lr0_MedG": {
    "avg_rank": 130.0,
    "gain": 0.0,
    "split": 0.0,
    "shap": 0.0
  },
  "pX_E_Lr1_HiG": {
    "avg_rank": 51.666666666666664,
    "gain": 925.2775883078575,
    "split": 110.0,
    "shap": 0.002511125710595244
  },
  "pX_E_Lr1_LowG": {
    "avg_rank": 129.0,
    "gain": 3.709128975868225,
    "split": 3.0,
    "shap": 6.108624727933868e-06
  },
  "pX_E_Lr1_MedG": {
    "avg_rank": 77.0,
    "gain": 929.6169747114182,
    "split": 32.0,
    "shap": 0.0038174398872087983
  },
  "pX_E_Lr2_HiG": {
    "avg_rank": 10.333333333333334,
    "gain": 65541.09418177605,
    "split": 146.0,
    "shap": 0.06430131679166488
  },
  "pX_E_Lr2_LowG": {
    "avg_rank": 131.0,
    "gain": 0.0,
    "split": 0.0,
    "shap": 0.0
  },
  "pX_E_Lr2_MedG": {
    "avg_rank": 74.33333333333333,
    "gain": 1726.500586271286,
    "split": 46.0,
    "shap": 0.001847587193981883
  },
  "pX_E_Lr3_HiG": {
    "avg_rank": 74.0,
    "gain": 893.4453011155128,
    "split": 83.0,
    "shap": 0.001098662601632172
  },
  "pX_E_Lr3_MedG": {
    "avg_rank": 128.0,
    "gain": 8.319476008415222,
    "split": 4.0,
    "shap": 4.728687986178711e-05
  },
  "pX_MultiLepton": {
    "avg_rank": 14.0,
    "gain": 20206.772131323814,
    "split": 134.0,
    "shap": 0.039594680682265064
  },
  "pX_OQ": {
    "avg_rank": 72.66666666666667,
    "gain": 2404.56413936615,
    "split": 57.0,
    "shap": 0.0008914923654765925
  },
  "pX_ambiguityType": {
    "avg_rank": 127.0,
    "gain": 95.6146490573883,
    "split": 12.0,
    "shap": 0.00013702337410345344
  },
  "pX_asy1": {
    "avg_rank": 120.0,
    "gain": 311.94646871089935,
    "split": 40.0,
    "shap": 0.00023091801016529782
  },
  "pX_author": {
    "avg_rank": 132.0,
    "gain": 0.0,
    "split": 0.0,
    "shap": 0.0
  },
  "pX_barys1": {
    "avg_rank": 42.666666666666664,
    "gain": 997.7247978448868,
    "split": 110.0,
    "shap": 0.005940640694828762
  },
  "pX_core57cellsEnergyCorrection": {
    "avg_rank": 14.666666666666666,
    "gain": 5380.8276461958885,
    "split": 212.0,
    "shap": 0.017838287197275468
  },
  "pX_deltaEta0": {
    "avg_rank": 62.333333333333336,
    "gain": 865.3839040994644,
    "split": 92.0,
    "shap": 0.0022426244121468404
  },
  "pX_deltaEta1": {
    "avg_rank": 133.0,
    "gain": 0.0,
    "split": 0.0,
    "shap": 0.0
  },
  "pX_deltaEta2": {
    "avg_rank": 52.0,
    "gain": 1052.7259921431541,
    "split": 129.0,
    "shap": 0.0019257143399097694
  },
  "pX_deltaEta3": {
    "avg_rank": 72.66666666666667,
    "gain": 931.9863563776016,
    "split": 84.0,
    "shap": 0.0009720042943381354
  },
  "pX_deltaPhi0": {
    "avg_rank": 12.666666666666666,
    "gain": 43578.538739323616,
    "split": 131.0,
    "shap": 0.06530443235630431
  },
  "pX_deltaPhi1": {
    "avg_rank": 55.0,
    "gain": 957.2357009649277,
    "split": 156.0,
    "shap": 0.001116199842345092
  },
  "pX_deltaPhi2": {
    "avg_rank": 12.333333333333334,
    "gain": 8706.003899335861,
    "split": 254.0,
    "shap": 0.012448867973718743
  },
  "pX_deltaPhi3": {
    "avg_rank": 74.0,
    "gain": 811.1727035045624,
    "split": 100.0,
    "shap": 0.0006286396076266544
  },
  "pX_deltaPhiFromLastMeasurement": {
    "avg_rank": 20.333333333333332,
    "gain": 2177.8960068821907,
    "split": 272.0,
    "shap": 0.012517010119863059
  },