{
  "BayesOpt LGBM": {
    "log_loss": 0.07888327839279437,
    "roc_auc": 0.99338322952247
  },
  "Optuna LGBM": {
    "log_loss": 0.07884788154472805,
    "roc_auc": 0.9933439190647347
  },
  "PyTorch NN": {
    "log_loss": 0.1122037844857741,
    "roc_auc": 0.99148050476637
  },
  "All 140": {
    "log_loss": 0.06611456367071179,
    "roc_auc": 0.9954735672984618
  }
}