{
  "p_sigmad0": {
    "avg_rank": 3.0,
    "gain": 57292.24881756306,
    "split": 564.0,
    "shap": 0.83182340211465
  },
  "p_deltaEta1": {
    "avg_rank": 4.0,
    "gain": 31728.724988102913,
    "split": 590.0,
    "shap": 0.6243337251208941
  },
  "p_ptPU30": {
    "avg_rank": 4.0,
    "gain": 75023.78645598888,
    "split": 464.0,
    "shap": 0.5374797052261687
  },
  "p_TRTPID": {
    "avg_rank": 5.0,
    "gain": 51134.29868102074,
    "split": 470.0,
    "shap": 0.509707739532649
  },
  "p_dPOverP": {
    "avg_rank": 7.0,
    "gain": 20921.098636746407,
    "split": 461.0,
    "shap": 0.4131863533955681
  },
  "p_d0": {
    "avg_rank": 7.333333333333333,
    "gain": 21402.26944375038,
    "split": 704.0,
    "shap": 0.12447101110161142
  },
  "p_Rhad": {
    "avg_rank": 11.333333333333334,
    "gain": 12159.019224882126,
    "split": 175.0,
    "shap": 0.26392198940571326
  },
  "p_deltaPhiRescaled2": {
    "avg_rank": 11.333333333333334,
    "gain": 8291.901661396027,
    "split": 274.0,
    "shap": 0.19748981512307118
  },
  "pX_ptconecoreTrackPtrCorrection": {
    "avg_rank": 12.333333333333334,
    "gain": 15935.799768924713,
    "split": 343.0,
    "shap": 0.09841103806324833
  },
  "p_charge": {
    "avg_rank": 13.666666666666666,
    "gain": 10050.288255929947,
    "split": 203.0,
    "shap": 0.10934533712366847
  },
  "p_etcone20": {
    "avg_rank": 14.0,
    "gain": 73537.43397784233,
    "split": 111.0,
    "shap": 0.33001923669821187
  },
  "p_pt_track": {
    "avg_rank": 14.0,
    "gain": 7873.529331922531,
    "split": 337.0,
    "shap": 0.1040594006867599
  },
  "pX_MultiLepton": {
    "avg_rank": 15.666666666666666,
    "gain": 687907.0602709055,
    "split": 103.0,
    "shap": 0.8137892395824725
  },
  "pX_ambiguityType": {
    "avg_rank": 17.333333333333332,
    "gain": 10384.109636068344,
    "split": 145.0,
    "shap": 0.08885923044155236
  },
  "pX_deltaPhiFromLastMeasurement": {
    "avg_rank": 18.0,
    "gain": 3610.0501935482025,
    "split": 191.0,
    "shap": 0.11015629334790276
  },
  "pX_deltaEta0": {
    "avg_rank": 19.666666666666668,
    "gain": 2944.22692322731,
    "split": 155.0,
    "shap": 0.11828153739075696
  },
  "p_numberOfInnermostPixelHits": {
    "avg_rank": 21.333333333333332,
    "gain": 176010.33984041214,
    "split": 91.0,
    "shap": 0.31167637458160974
  },
  "p_weta2": {
    "avg_rank": 22.333333333333332,
    "gain": 1702.489184141159,
    "split": 160.0,
    "shap": 0.15167269634874825
  },
  "pX_f1core": {
    "avg_rank": 22.333333333333332,
    "gain": 3880.8900084495544,
    "split": 136.0,
    "shap": 0.08600260634768257
  },
  "pX_E3x5_Lr1": {
    "avg_rank": 23.0,
    "gain": 5915.068740606308,
    "split": 125.0,
    "shap": 0.08624119795260805
  },
  "p_f1": {
    "avg_rank": 24.666666666666668,
    "gain": 2589.6025099754333,
    "split": 127.0,
    "shap": 0.09929181839378037
  },
  "pX_core57cellsEnergyCorrection": {
    "avg_rank": 24.666666666666668,
    "gain": 3821.9857840538025,
    "split": 133.0,
    "shap": 0.07594688735671086
  },
  "p_Reta": {
    "avg_rank": 26.333333333333332,
    "gain": 1901.5815598964691,
    "split": 143.0,
    "shap": 0.09325169256977753
  },
  "p_ptcone40": {
    "avg_rank": 28.0,
    "gain": 5903.5108942985535,
    "split": 117.0,
    "shap": 0.0577294699633709
  },
  "pX_neflowisolcoreConeEnergyCorrection": {
    "avg_rank": 28.333333333333332,
    "gain": 6003.486608147621,
    "split": 135.0,
    "shap": 0.03594188810949629
  },
  "p_numberOfSCTHits": {
    "avg_rank": 29.333333333333332,
    "gain": 5100.0978236198425,
    "split": 193.0,
    "shap": 0.030337648860664448
  },
  "pX_topoetconecoreConeEnergyCorrection": {
    "avg_rank": 30.0,
    "gain": 6157.523501873016,
    "split": 107.0,
    "shap": 0.058048040324654486
  },
  "p_f3": {
    "avg_rank": 30.666666666666668,
    "gain": 2993.9293582439423,
    "split": 103.0,
    "shap": 0.09642010423376672
  },
  "p_vertex": {
    "avg_rank": 32.0,
    "gain": 4655.91361784935,
    "split": 132.0,
    "shap": 0.03250762116244228
  },
  "pX_E5x7_Lr1": {
    "avg_rank": 32.0,
    "gain": 2869.1178064346313,
    "split": 96.0,
    "shap": 0.11791791374522853
  },
  "p_numberOfPixelHits": {
    "avg_rank": 33.666666666666664,
    "gain": 2415.3976222276688,
    "split": 105.0,
    "shap": 0.07783826225332587
  },
  "p_etcone30": {
    "avg_rank": 34.0,
    "gain": 10173.216657876968,
    "split": 70.0,
    "shap": 0.13396274415212656
  },
  "pX_E_Lr0_HiG": {
    "avg_rank": 36.0,
    "gain": 1622.7379055023193,
    "split": 108.0,
    "shap": 0.07231074583679997
  },
  "pX_wtots1": {
    "avg_rank": 36.0,
    "gain": 1766.6056485176086,
    "split": 115.0,
    "shap": 0.053485532745936676
  },
  "pX_nCells_Lr1_HiG": {
    "avg_rank": 37.333333333333336,
    "gain": 1150.389199256897,
    "split": 121.0,
    "shap": 0.07612443363674594
  },
  "p_Eratio": {
    "avg_rank": 37.666666666666664,
    "gain": 2379.175435781479,
    "split": 109.0,
    "shap": 0.037010642926690505
  },
  "pX_deltaPhi3": {
    "avg_rank": 38.666666666666664,
    "gain": 1385.0108076334,
    "split": 109.0,
    "shap": 0.05420135935840106
  },
  "p_z0": {
    "avg_rank": 42.0,
    "gain": 2485.9187899827957,
    "split": 190.0,
    "shap": 0.01665636550757252
  },
  "pX_deltaPhiRescaled1": {
    "avg_rank": 42.0,
    "gain": 1358.2672808170319,
    "split": 101.0,
    "shap": 0.06045995616691862
  },
  "pX_f3core": {
    "avg_rank": 42.0,
    "gain": 1942.0124859809875,
    "split": 99.0,
    "shap": 0.0413905059812321
  },
  "pX_ehad1": {
    "avg_rank": 44.0,
    "gain": 1118.254760503769,
    "split": 104.0,
    "shap": 0.06778898678560841
  },
  "p_ptcone20": {
    "avg_rank": 44.666666666666664,
    "gain": 3645.933253288269,
    "split": 80.0,
    "shap": 0.037612634521254955
  },
  "pX_E_Lr1_MedG": {
    "avg_rank": 45.0,
    "gain": 2424.179039955139,
    "split": 88.0,
    "shap": 0.03709172728276629
  },
  "p_TRTTrackOccupancy": {
    "avg_rank": 46.666666666666664,
    "gain": 1322.4723675251007,
    "split": 109.0,
    "shap": 0.030131753428518204
  },
  "p_ptcone30": {
    "avg_rank": 47.0,
    "gain": 3127.287395954132,
    "split": 86.0,
    "shap": 0.03245093870999451
  },
  "pX_E_Lr2_HiG": {
    "avg_rank": 47.333333333333336,
    "gain": 1268.856698513031,
    "split": 99.0,
    "shap": 0.03714050664453301
  },
  "pX_topoetcone30ptCorrection": {
    "avg_rank": 47.333333333333336,
    "gain": 2210.665660381317,
    "split": 108.0,
    "shap": 0.022553107001439445
  },
  "pX_ptcone40": {
    "avg_rank": 48.0,
    "gain": 1155.9097542762756,
    "split": 83.0,
    "shap": 0.08070876758474345
  },
  "pX_deltaEta2": {
    "avg_rank": 48.333333333333336,
    "gain": 1284.212649822235,
    "split": 132.0,
    "shap": 0.02074359153281975
  },
  "pX_pos7": {
    "avg_rank": 48.333333333333336,
    "gain": 1036.8159874677658,
    "split": 125.0,
    "shap": 0.02798539619681653
  },
  "pX_deltaPhi1": {
    "avg_rank": 48.666666666666664,
    "gain": 1438.2222881317139,
    "split": 105.0,
    "shap": 0.0258845898224477
  },
  "p_Rphi": {
    "avg_rank": 49.0,
    "gain": 1029.5262048244476,
    "split": 116.0,
    "shap": 0.03021538999514665
  },
  "pX_r33over37allcalo": {
    "avg_rank": 49.333333333333336,
    "gain": 1222.827019572258,
    "split": 95.0,
    "shap": 0.03754743679149903
  },
  "p_numberOfTRTXenonHits": {
    "avg_rank": 50.333333333333336,
    "gain": 1260.8995606899261,
    "split": 80.0,
    "shap": 0.06233146119862814
  },
  "p_numberOfTRTHits": {
    "avg_rank": 54.333333333333336,
    "gain": 913.8940963745117,
    "split": 82.0,
    "shap": 0.06229885203473628
  },
  "pX_DeltaE": {
    "avg_rank": 56.0,
    "gain": 985.5929498672485,
    "split": 107.0,
    "shap": 0.022857816274970612
  },
  "pX_E3x5_Lr0": {
    "avg_rank": 58.333333333333336,
    "gain": 1258.1773455142975,
    "split": 75.0,
    "shap": 0.03315926035151308
  },