{
  "models": {
    "BayesOpt LightGBM": {
      "log_loss": 0.07802338620322509,
      "roc_auc": 0.9935445596038072
    },
    "Optuna LightGBM": {
      "log_loss": 0.07884788154472805,
      "roc_auc": 0.9933439190647347
    },
    "PyTorch NN": {
      "log_loss": 0.1258545009571984,
      "roc_auc": 0.9901422608815366
    }
  },
  "all_140_reference": {
    "log_loss": 0.06611456367071179,
    "roc_auc": 0.9954735672984618
  }
}