{
  "p_deltaEta1": {
    "shap": 1.056401505392534
  },
  "p_sigmad0": {
    "shap": 0.6963861585376928
  },
  "p_TRTPID": {
    "shap": 0.6634480132643636
  },
  "p_dPOverP": {
    "shap": 0.4090145956184958
  },
  "pX_e1152": {
    "shap": 0.3555082186795759
  },
  "pX_E_Lr1_MedG": {
    "shap": 0.3346111876856756
  },
  "pX_MultiLepton": {
    "shap": 0.3239135588154132
  },
  "pX_E7x7_Lr2": {
    "shap": 0.31305951567378143
  },
  "pX_E_Lr0_HiG": {
    "shap": 0.31166647511278395
  },
  "p_ptcone20": {
    "shap": 0.30933078977609696
  },
  "pX_E_Lr1_HiG": {
    "shap": 0.295547052056408
  },
  "pX_etcone20": {
    "shap": 0.29247567583222367
  },
  "pX_ambiguityType": {
    "shap": 0.29078035704729943
  },
  "p_numberOfTRTHits": {
    "shap": 0.28627487050388345
  },
  "pX_E5x7_Lr2": {
    "shap": 0.2643412313308783
  },
  "p_Rhad": {
    "shap": 0.25473917072482105
  },
  "pX_etcone30": {
    "shap": 0.25402645787584144
  },
  "pX_E7x7_Lr0": {
    "shap": 0.25189521852831814
  },
  "p_numberOfInnermostPixelHits": {
    "shap": 0.24876935145034865
  },
  "pX_E3x5_Lr0": {
    "shap": 0.2452784134654628
  },
  "pX_e237": {
    "shap": 0.23858275484354208
  },
  "p_etcone20": {
    "shap": 0.2357640805269188
  },
  "p_weta2": {
    "shap": 0.22466130391870176
  },
  "pX_E7x11_Lr2": {
    "shap": 0.22244010405700917
  },
  "pX_e132": {
    "shap": 0.20630010665570495
  },
  "pX_core57cellsEnergyCorrection": {
    "shap": 0.2017815309072146
  },
  "pX_topoetcone20": {
    "shap": 0.20037155040080018
  },
  "p_ptcone40": {
    "shap": 0.19824381017803902
  },
  "p_Eratio": {
    "shap": 0.19235445750226432
  },
  "pX_E5x7_Lr1": {
    "shap": 0.19133572766839899
  },
  "p_ptcone30": {
    "shap": 0.19085797786657638
  },
  "pX_ptcone30": {
    "shap": 0.18824978601624542
  },
  "p_f1": {
    "shap": 0.1770575366650393
  },
  "p_etcone40": {
    "shap": 0.17641724805807038
  },
  "pX_neflowisolcoreConeEnergyCorrection": {
    "shap": 0.17133468205573538
  },
  "pX_topoetcone30": {
    "shap": 0.16661769211643385
  },
  "p_numberOfPixelHits": {
    "shap": 0.16310095708560268
  },
  "pX_nCells_Lr1_HiG": {
    "shap": 0.1622522657393927
  },
  "p_f3": {
    "shap": 0.16184958013602915
  },
  "pX_e235": {
    "shap": 0.15858010435770772
  },
  "pX_E7x11_Lr3": {
    "shap": 0.15308114267348905
  },
  "pX_ptvarcone30": {
    "shap": 0.15296719923264798
  },
  "pX_ecore": {
    "shap": 0.14492546610759027
  },
  "pX_E3x5_Lr1": {
    "shap": 0.14319368367297244
  },
  "pX_topoetcone40ptCorrection": {
    "shap": 0.1379344943147095
  },
  "p_charge": {
    "shap": 0.1335146998967216
  },
  "pX_topoetcone40": {
    "shap": 0.13128326947816568
  },
  "p_TRTTrackOccupancy": {
    "shap": 0.1300296092658395
  },
  "pX_ehad1": {
    "shap": 0.12899823415640888
  },
  "p_z0": {
    "shap": 0.1286395789385523
  },
  "pX_E7x7_Lr1": {
    "shap": 0.12755589642369147
  },
  "p_etcone30": {
    "shap": 0.12545557327583756
  },
  "pX_ptvarcone20": {
    "shap": 0.12078521652869285
  },
  "pX_emaxs1": {
    "shap": 0.11788025223848053
  },
  "pX_maxEcell_y": {
    "shap": 0.11328140750670292
  },
  "p_numberOfTRTXenonHits": {
    "shap": 0.1115300748192376
  },
  "pX_ptcone20": {
    "shap": 0.110441856580155
  },
  "pX_deltaPhiRescaled0": {
    "shap": 0.11026706396510755
  },
  "pX_e233": {
    "shap": 0.11008613412088646
  },
  "pX_maxEcell_energy": {
    "shap": 0.10426164718638296
  },
  "p_vertex": {
    "shap": 0.10231433958249093
  },
  "pX_etcone40": {
    "shap": 0.09777806758915444
  },
  "pX_E7x7_Lr3": {
    "shap": 0.09386569984231136
  },
  "pX_topoetconecoreConeEnergyCorrection": {
    "shap": 0.09271006901155125
  },
  "pX_barys1": {
    "shap": 0.0864776580378582
  },
  "pX_e2tsts1": {
    "shap": 0.08549567933369982
  },
  "p_numberOfSCTHits": {
    "shap": 0.08494956410670611
  },
  "pX_E_Lr2_MedG": {
    "shap": 0.08316900289567186
  },
  "pX_maxEcell_gain": {
    "shap": 0.08110916393959718
  },
  "p_d0": {
    "shap": 0.07852927423907327
  },
  "pX_nCells_Lr0_HiG": {
    "shap": 0.07708043314078537
  },
  "pX_deltaEta0": {
    "shap": 0.07655185983640361
  },
  "pX_author": {
    "shap": 0.07601662595247562
  },
  "pX_weta1": {
    "shap": 0.07494535734331363
  },
  "p_pt_track": {
    "shap": 0.0725995419445231
  },
  "pX_r33over37allcalo": {
    "shap": 0.07257629160491492
  },
  "pX_f1core": {
    "shap": 0.07257290784756024
  },
  "pX_deltaPhi0": {
    "shap": 0.07170637243800419
  },
  "pX_nCells_Lr3_HiG": {
    "shap": 0.07150945108190464
  },
  "pX_nCells_Lr2_HiG": {
    "shap": 0.07108542865340481
  },
  "pX_f3core": {
    "shap": 0.07074429641670231
  },
  "p_Rhad1": {
    "shap": 0.07030959547727376
  },
  "pX_maxEcell_z": {
    "shap": 0.06879738031295347
  },
  "pX_E3x5_Lr2": {
    "shap": 0.06631320962641252
  },
  "pX_E5x7_Lr0": {
    "shap": 0.06580840215951764
  },
  "pX_E7x11_Lr1": {
    "shap": 0.06437769174359584
  },
  "pX_maxEcell_x": {
    "shap": 0.06380884092907617
  },
  "pX_emins1": {
    "shap": 0.06289672903910465
  },
  "pX_E5x7_Lr3": {
    "shap": 0.061731493595821786
  },
  "pX_topoetcone30ptCorrection": {
    "shap": 0.06093765467192557
  },
  "p_phi": {
    "shap": 0.060563642282183326
  },
  "pX_ptcone40": {
    "shap": 0.06018347427147547
  },
  "pX_DeltaE": {
    "shap": 0.059370274682155104
  },
  "averageInteractionsPerCrossing": {
    "shap": 0.05860870776196028
  },
  "pX_nCells_Lr1_LowG": {
    "shap": 0.058151169976278165
  },
  "pX_fracs1": {
    "shap": 0.05785352422911148
  },
  "pX_poscs2": {
    "shap": 0.05305302418525696
  },
  "pX_neflowisol30": {
    "shap": 0.05261710009078486
  },
  "pX_topoetcone20ptCorrection": {
    "shap": 0.05221804572539259
  },
  "pX_nCells_Lr1_MedG": {
    "shap": 0.051875455063695945
  },
  "pX_E7x11_Lr0": {
    "shap": 0.048189888034935104
  },
  "pX_deltaPhiRescaled3": {
    "shap": 0.04817590794369775
  },
  "pX_neflowisol20": {
    "shap": 0.048103538430249455
  },
  "pX_deltaPhi3": {
    "shap": 0.04764330063826837
  },
  "pX_widths1": {
    "shap": 0.04736818481967552
  },
  "pX_E_Lr2_HiG": {
    "shap": 0.04561839490817
  },
  "pX_nCells_Lr2_MedG": {
    "shap": 0.044154289181336896
  },
  "p_eta": {
    "shap": 0.04339093652923334
  },
  "pX_deltaEta3": {
    "shap": 0.043321746122367395
  },
  "pX_E3x5_Lr3": {
    "shap": 0.04262492582667718
  },
  "pX_e255": {
    "shap": 0.040366150070225815
  },
  "pX_ptvarcone40": {
    "shap": 0.040130760420446936
  },
  "pX_poscs1": {
    "shap": 0.039528028004857246
  },
  "pX_pos": {
    "shap": 0.039095261754609464
  },
  "pX_E_Lr3_HiG": {
    "shap": 0.03791089727870326
  },
  "pX_neflowisol40": {
    "shap": 0.037827323570903584
  },
  "pX_e2ts1": {
    "shap": 0.03643583803870513
  },
  "pX_asy1": {
    "shap": 0.0337192270651764
  },
  "pX_OQ": {
    "shap": 0.03166261056256951
  },
  "p_Rphi": {
    "shap": 0.024794727973409227
  },
  "pX_pos7": {
    "shap": 0.023564764129351427
  },
  "pX_wtots1": {
    "shap": 0.023310373658473525
  },
  "pX_E_Lr1_LowG": {
    "shap": 0.02087147154955157
  },
  "pX_ptconecoreTrackPtrCorrection": {
    "shap": 0.012732793318490261
  },
  "pX_nCells_Lr3_MedG": {
    "shap": 0.006869876021427591
  },
  "pX_deltaPhi2": {
    "shap": 0.006135322954001267
  },
  "p_ptPU30": {
    "shap": 0.005912161979054875
  },
  "p_deltaPhiRescaled2": {
    "shap": 0.005638379391237139
  },
  "pX_E_Lr3_MedG": {
    "shap": 0.00435898734581161
  },
  "p_Reta": {
    "shap": 0.0021845994764116425
  },
  "pX_maxEcell_time": {
    "shap": 0.0018215937359135493
  },
  "pX_deltaPhiRescaled1": {
    "shap": 0.0015826629215270772
  },
  "pX_deltaPhiFromLastMeasurement": {
    "shap": 0.0015339637039284413
  },
  "pX_deltaEta2": {
    "shap": 0.00039100109633769453
  },
  "pX_deltaPhi1": {
    "shap": 0.00037892021267923375
  },
  "pX_deltaEta1": {
    "shap": 0.00014553335234329673
  },
  "pX_E_Lr0_MedG": {
    "shap": 0.0
  },
  "pX_E_Lr2_LowG": {
    "shap": 0.0
  },